City_ID,City,Lat,Lng,Max Temp,Humidity,Cloudiness,Wind Speed,Country,Date
0,port elizabeth,-33.918,25.5701,22.83,89,75,7.72,ZA,1707275524
1,adamstown,-25.066,-130.1015,25.01,85,94,5.16,PN,1707275524
2,thompson,55.7435,-97.8558,-24.8,96,13,2.39,CA,1707275247
3,port-aux-francais,-49.35,70.2167,6.76,99,100,7.88,TF,1707275525
4,hotan,37.0997,79.9269,-3.45,68,12,0.83,CN,1707275526
5,iquique,-20.2208,-70.1431,23.08,87,9,0.76,CL,1707275527
6,kilkeel,54.062,-6.0031,1.64,72,77,1.51,GB,1707275527
7,noosa heads,-26.3833,153.15,29.5,76,28,6.55,AU,1707275527
8,hithadhoo,-0.6,73.0833,28.32,74,34,3.0,MV,1707275528
9,afif,23.9065,42.9172,8.9,40,0,5.14,SA,1707275528
10,iskateley,67.6803,53.1512,-24.99,97,100,1.79,RU,1707275528
11,kodiak,57.79,-152.4072,3.73,65,20,10.29,US,1707275528
12,albany,42.6001,-73.9662,-1.22,71,11,0.89,US,1707275437
13,waitangi,-43.9535,-176.5597,19.9,88,100,3.13,NZ,1707275529
14,atafu village,-8.5421,-172.5159,29.01,79,93,10.39,TK,1707275529
15,afaahiti,-17.75,-149.2833,27.93,89,100,10.63,PF,1707275529
16,edinburgh of the seven seas,-37.0676,-12.3116,16.77,62,96,1.23,SH,1707275529
17,vorgashor,67.5833,63.95,-26.57,98,67,2.44,RU,1707275529
18,ilulissat,69.2167,-51.1,-6.99,53,100,9.26,GL,1707275529
19,la ronge,55.1001,-105.2842,-12.6,94,95,3.96,CA,1707275530
20,ekibastuz,51.6667,75.3667,-5.27,72,85,5.1,KZ,1707275426
21,invercargill,-46.4,168.35,17.79,62,16,4.47,NZ,1707275530
22,remire-montjoly,4.9167,-52.2667,26.02,100,40,3.09,GF,1707275531
23,nago,26.5881,127.9761,21.47,78,100,4.33,JP,1707275518
24,usogorsk,63.4106,48.6872,-28.52,100,99,1.12,RU,1707275531
25,tazovsky,67.4667,78.7,-20.51,100,94,2.86,RU,1707275531
26,montecristo,8.2971,-74.4733,23.84,98,94,0.63,CO,1707275532
27,dubovka,49.0583,44.829,-4.47,84,82,7.22,RU,1707275532
28,dunedin,-45.8742,170.5036,17.67,70,94,1.34,NZ,1707275532
29,jogeva,58.7467,26.3939,-8.18,94,100,4.06,EE,1707275532
30,papatowai,-46.5619,169.4708,17.11,53,16,4.37,NZ,1707275532
31,west boylston,42.3668,-71.7856,-0.84,79,40,1.54,US,1707275533
32,utrik,11.2278,169.8474,26.74,80,87,6.62,MH,1707275533
33,ribeira grande,38.5167,-28.7,17.65,92,87,8.05,PT,1707275533
34,tazacorte,28.629,-17.9293,17.54,36,0,3.13,ES,1707275533
35,jamestown,42.097,-79.2353,-1.2,86,0,1.54,US,1707275394
36,puerto natales,-51.7236,-72.4875,11.13,78,80,3.04,CL,1707275534
37,grytviken,-54.2811,-36.5092,8.86,58,19,2.37,GS,1707275534
38,hamilton,39.1834,-84.5333,4.43,77,0,2.06,US,1707275534
39,gaigeturi,33.4644,126.3183,6.28,61,95,7.1,KR,1707275534
40,minas de marcona,-15.2119,-75.1103,19.74,90,98,4.57,PE,1707275534
41,geraldton,-28.7667,114.6,36.23,11,0,8.75,AU,1707275534
42,puerto ayora,-0.7393,-90.3518,25.08,88,67,3.68,EC,1707275535
43,hollidaysburg,40.4273,-78.3889,2.62,72,0,1.54,US,1707275535
44,isafjordur,66.0755,-23.124,-3.24,92,100,5.8,IS,1707275536
45,bethel,41.3712,-73.414,0.2,72,0,2.06,US,1707275536
46,tymovskoye,50.8456,142.655,-13.6,77,92,1.79,RU,1707275536
47,at taj,24.2049,23.2857,8.81,54,8,3.13,LY,1707275537
48,wanning,18.8003,110.3967,25.02,78,97,3.56,CN,1707275537
49,tiksi,71.6872,128.8694,-27.84,99,97,2.85,RU,1707275538
50,mount pearl,47.5166,-52.7813,-0.58,91,100,4.47,CA,1707275539
51,richards bay,-28.783,32.0377,20.91,88,47,4.05,ZA,1707275539
52,alesund,62.4723,6.1549,-2.91,83,20,5.14,NO,1707275539
53,tahoua,14.8888,5.2692,16.6,18,61,6.19,NE,1707275542
54,alice springs,-23.7,133.8833,31.79,40,40,7.72,AU,1707275543
55,iqaluit,63.7506,-68.5145,-31.24,88,4,3.71,CA,1707275544
56,ribeira brava,32.65,-17.0667,17.35,59,69,2.08,PT,1707275544
57,port lincoln,-34.7333,135.8667,20.17,61,23,4.64,AU,1707275544
58,port alfred,-33.5906,26.891,21.21,88,100,3.58,ZA,1707275545
59,el nido,11.1858,119.3956,27.71,70,89,6.99,PH,1707275545
60,margate,51.3813,1.3862,6.28,94,100,2.68,GB,1707275545
61,nar'yan-mar,67.6713,53.087,-24.94,97,99,1.79,RU,1707275545
62,louis trichardt,-23.0439,29.9032,18.51,89,0,1.74,ZA,1707275546
63,naracoorte,-36.9579,140.7383,24.57,34,2,5.42,AU,1707275546
64,ayorou,14.7308,0.9174,18.91,13,20,5.55,NE,1707275546
65,port blair,11.6667,92.75,27.49,64,32,5.39,IN,1707275546
66,coahuayana de hidalgo,18.7,-103.6583,23.7,84,42,0.62,MX,1707275547
67,menongue,-14.6585,17.691,16.3,98,100,1.38,AO,1707275547
68,carnarvon,-24.8667,113.6333,33.82,40,4,6.39,AU,1707275547
69,avarua,-21.2078,-159.775,29.03,74,40,7.2,CK,1707275547
70,howard springs,-12.497,131.047,33.88,73,18,4.14,AU,1707275547
71,santana,-0.0583,-51.1817,28.1,89,40,1.54,BR,1707275547
72,bengkulu,-3.8004,102.2655,28.48,68,66,1.04,ID,1707275547
73,bredasdorp,-34.5322,20.0403,19.03,69,0,4.79,ZA,1707275548
74,pisco,-13.7,-76.2167,25.03,73,0,4.12,PE,1707275548
75,velyka mykhaylivka,47.0794,29.8514,7.12,74,100,3.67,UA,1707275548
76,callao,-12.0667,-77.15,28.18,65,0,7.2,PE,1707275548
77,lanzhou,36.0564,103.7922,-3.52,87,100,1.89,CN,1707275548
78,labrador city,52.9463,-66.9114,-17.12,72,100,1.65,CA,1707275548
79,horta,38.5333,-28.6333,17.23,92,86,8.05,PT,1707275548
80,pemba,-12.974,40.5178,26.06,88,100,3.64,MZ,1707275549
81,tolanaro,-25.0319,46.9987,22.74,93,18,2.47,MG,1707275549
82,la passe,45.5549,-0.8967,10.55,92,98,5.72,FR,1707275549
83,petropavlovsk-kamchatsky,53.0452,158.6483,-5.68,76,0,1.79,RU,1707275549
84,kuching,1.55,110.3333,30.02,89,20,1.03,MY,1707275550
85,vilyuchinsk,52.9306,158.4028,-4.86,78,100,0.72,RU,1707275550
86,mermoz boabab,14.7065,-17.4758,23.26,73,0,5.92,SN,1707275550
87,bikenibeu village,1.3673,173.1241,30.98,79,75,3.6,KI,1707275550
88,lorengau,-2.0226,147.2712,27.47,84,100,6.32,PG,1707275550
89,barcelos,41.5388,-8.6151,13.29,86,100,2.34,PT,1707275346
90,dazhou,31.2159,107.5009,6.06,83,100,1.99,CN,1707275550
91,ushuaia,-54.8,-68.3,13.81,38,0,2.57,AR,1707275550
92,lucapa,-8.4192,20.7447,17.24,98,94,0.89,AO,1707275550
93,san andres,12.5847,-81.7006,25.66,68,67,14.28,CO,1707275551
94,bilibino,68.0546,166.4372,-33.7,100,100,0.77,RU,1707275551
95,holualoa,19.6228,-155.9522,24.91,59,40,4.12,US,1707275551
96,anadyr,64.75,177.4833,-22.72,83,75,8.0,RU,1707275551
97,neryungri,56.6709,124.6491,-10.61,88,100,3.68,RU,1707275551
98,hohhot,40.8106,111.6522,-10.75,72,5,0.31,CN,1707275552
99,blackmans bay,-43.0167,147.3167,20.85,45,35,3.61,AU,1707275552
100,alaghsas,17.0187,8.0168,15.13,25,38,5.15,NE,1707275552
101,basoda,23.85,77.9333,16.35,51,53,3.04,IN,1707275552
102,west island,-12.1568,96.8225,29.99,70,40,4.63,CC,1707275553
103,posto fiscal rolim de moura,-13.0833,-62.2667,26.1,77,99,0.71,BR,1707275553
104,kingston,17.997,-76.7936,22.34,85,1,1.74,JM,1707275366
105,whitehorse,60.7161,-135.0538,-14.95,79,100,2.24,CA,1707275553
106,puerto aysen,-45.4,-72.7,8.31,96,77,3.93,CL,1707275553
107,antalaha,-14.9003,50.2788,24.32,91,97,1.18,MG,1707275553
108,khandyga,62.6667,135.6,-32.41,94,100,0.68,RU,1707275554
109,yellowknife,62.456,-114.3525,-17.47,88,100,5.36,CA,1707275327
110,dwarka,22.2394,68.9678,22.49,71,86,4.7,IN,1707275554
111,piui,-20.4653,-45.9581,19.79,92,100,0.91,BR,1707275554
112,altenstadt,50.2833,8.95,10.14,83,100,9.39,DE,1707275554
113,axim,4.8699,-2.2405,24.81,86,8,1.75,GH,1707275554
114,prince george,53.9166,-122.753,-2.99,91,77,0.89,CA,1707275519
115,beyneu,45.3167,55.2,-0.9,75,51,10.44,KZ,1707275554
116,lihue,21.9789,-159.3672,26.58,68,20,9.26,US,1707275555
117,la fleche,47.6982,-0.0755,12.21,90,100,7.42,FR,1707275555
118,singaraja,-8.112,115.0882,30.06,68,60,2.71,ID,1707275555
119,naze,28.3667,129.4833,14.61,82,100,6.78,JP,1707275555
120,yeniseysk,58.4497,92.1703,-15.03,98,93,1.79,RU,1707275382
121,tura,25.5198,90.2201,17.83,68,0,1.12,IN,1707275555
122,ulaangom,49.9811,92.0667,-28.48,98,99,0.36,MN,1707275556
123,talnakh,69.4865,88.3972,-19.27,83,100,3.01,RU,1707275556
124,karaidel',55.8337,56.9069,-1.53,88,100,5.97,RU,1707275556
125,lhuentse,27.6679,91.1839,11.92,56,58,0.86,BT,1707275483
126,hanceville,34.0607,-86.7675,9.54,83,0,2.03,US,1707275279
127,selfoss,63.9331,-20.9971,-8.73,89,34,3.9,IS,1707275556
128,taroa,8.7058,171.2275,27.58,77,98,7.59,MH,1707275557
129,uturoa,-16.7333,-151.4333,28.19,87,100,14.29,PF,1707275557
130,asslar,50.5916,8.4627,9.54,93,100,8.99,DE,1707275557
131,esmeraldas,-19.7625,-44.3139,21.52,91,94,1.48,BR,1707275555
132,dudinka,69.4058,86.1778,-19.62,87,100,3.58,RU,1707275557
133,flin flon,54.7682,-101.865,-14.9,96,86,3.0,CA,1707275558
134,dakhla,23.6848,-15.958,20.1,39,67,4.67,EH,1707275558
135,vanimo,-2.6741,141.3028,25.52,92,100,4.42,PG,1707275558
136,sinop,41.7711,34.8709,6.37,59,32,6.02,TR,1707275558
137,tadine,-21.55,167.8833,25.88,81,100,8.24,NC,1707275558
138,haiku-pauwela,20.9219,-156.3051,23.01,64,20,10.8,US,1707275558
139,castillos,-34.1667,-53.8333,20.06,80,2,4.11,UY,1707275558
140,hastings,50.8552,0.5729,10.72,53,100,10.42,GB,1707275559
141,bainbridge,47.6262,-122.5212,7.47,93,100,1.54,US,1707275559
142,arraial do cabo,-22.9661,-42.0278,25.32,88,100,1.18,BR,1707275365
143,bulgan,48.8125,103.5347,-15.84,79,97,0.79,MN,1707275559
144,kununurra,-15.7667,128.7333,33.99,59,25,2.06,AU,1707275559
145,bumba,2.1833,22.4667,20.45,47,1,0.77,CD,1707275560
146,lompoc,34.6391,-120.4579,11.55,78,40,3.13,US,1707275332
147,demba,-5.51,22.2667,19.89,95,99,1.38,CD,1707275560
148,kangding,30.0513,101.9603,5.22,49,36,0.82,CN,1707275560
149,jajpur,20.85,86.3333,25.01,65,2,3.68,IN,1707275560
150,touros,-5.1989,-35.4608,26.85,80,100,4.94,BR,1707275560
151,katsuura,35.1333,140.3,8.64,53,100,4.41,JP,1707275560
152,ciudad acuna,29.3232,-100.9522,17.16,48,0,4.12,MX,1707275561
153,sorong,-0.8833,131.25,28.26,71,100,1.88,ID,1707275561
154,namibe,-15.1961,12.1522,24.85,82,100,2.36,AO,1707275561
155,vitry-le-francois,48.7333,4.5833,10.23,85,96,9.13,FR,1707275561
156,chonchi,-42.6128,-73.8092,14.06,70,54,3.15,CL,1707275561
157,ciudad general teran,25.2667,-99.6833,15.35,48,4,3.09,MX,1707275561
158,iwaki,37.05,140.8833,8.4,52,23,0.89,JP,1707275561
159,tash-kumyr,41.3461,72.2171,1.83,54,100,3.06,KG,1707275562
160,kas,36.2018,29.6377,13.41,67,5,0.86,TR,1707275562
161,larvik,59.0533,10.0352,-5.61,88,100,5.66,NO,1707275562
162,keflavik,64.0049,-22.5624,-0.76,74,75,10.8,IS,1707275562
163,broome,42.2506,-75.833,-0.55,78,0,3.6,US,1707275562
164,newman,37.3138,-121.0208,11.68,88,100,2.38,US,1707275562
165,puerto santa,-8.9906,-78.6456,24.71,80,16,3.02,PE,1707275562
166,harstad,68.799,16.5293,-2.69,94,100,5.81,NO,1707275562
167,caleta de carquin,-11.0925,-77.6267,24.58,81,11,4.06,PE,1707275563
168,margaret river,-33.95,115.0667,26.88,36,0,3.51,AU,1707275563
169,kiunga,-6.1219,141.2906,23.2,99,100,2.08,PG,1707275563
170,olonkinbyen,70.9221,-8.7187,-3.81,91,91,8.59,SJ,1707275563
171,queenstown,-31.8976,26.8753,19.33,46,17,1.94,ZA,1707275563
172,cozumel,20.5083,-86.9458,21.64,77,2,6.32,MX,1707275353
173,saint-francois,46.4154,3.9054,7.03,83,0,2.06,FR,1707275563
174,whakatane,-37.9585,176.9854,26.05,80,3,2.68,NZ,1707275563
175,enewetak,11.3474,162.3373,26.6,82,99,7.23,MH,1707275564
176,hadibu,12.65,54.0333,24.39,74,43,3.4,YE,1707275564
177,hawaiian paradise park,19.5933,-154.9731,21.73,80,100,4.12,US,1707275406
178,livny,52.4253,37.6069,-10.15,97,97,2.22,RU,1707275564
179,kayangel,8.0823,134.7173,27.57,72,94,9.33,PW,1707275564
180,khash,28.2211,61.2158,5.42,40,0,0.82,IR,1707275564
181,aasiaat,68.7098,-52.8699,-8.8,80,100,7.17,GL,1707275564
182,wailua homesteads,22.0669,-159.378,26.24,69,20,9.26,US,1707275565
183,saipan,15.1355,145.701,29.39,58,75,7.72,MP,1707275565
184,juneau,58.3019,-134.4197,0.23,97,75,0.0,US,1707275320
185,champerico,14.3,-91.9167,26.39,69,47,1.35,GT,1707275565
186,baltiysk,54.6538,19.911,6.83,83,100,13.14,RU,1707275565
187,mtimbira,-8.7833,36.35,22.4,98,80,0.42,TZ,1707275565
188,cape coast,5.1053,-1.2466,24.81,88,7,1.31,GH,1707275565
189,jangaon,17.7167,79.1833,24.66,62,0,1.29,IN,1707275565
190,hammerfest,70.6634,23.6821,-5.75,93,75,3.6,NO,1707275565
191,ximeicun,24.9639,118.3794,13.84,76,87,1.99,CN,1707275566
192,portland,45.5234,-122.6762,8.65,91,75,2.06,US,1707275297
193,quimili,-27.6333,-62.4167,27.68,57,94,5.19,AR,1707275566
194,sal rei,16.1833,-22.9167,22.96,74,0,5.28,CV,1707275566
195,egilsstadir,65.2653,-14.3948,-9.5,96,97,2.12,IS,1707275418
196,bredy,52.4153,60.3411,-6.82,89,100,7.85,RU,1707275566
197,encheng,22.1839,112.3026,16.24,89,100,2.69,CN,1707275566
198,kone,-21.0595,164.8658,29.85,66,100,3.87,NC,1707275566
199,hermanus,-34.4187,19.2345,18.78,84,2,5.54,ZA,1707275566
200,tevriz,57.509,72.4042,-5.91,88,100,4.2,RU,1707275567
201,fort bragg,35.139,-79.006,6.01,48,0,5.66,US,1707275567
202,lebu,-37.6167,-73.65,17.6,97,100,0.67,CL,1707275567
203,micheweni,-4.9667,39.8333,27.48,81,97,3.68,TZ,1707275567
204,aktobe,50.2797,57.2072,-7.95,86,100,16.0,KZ,1707275567
205,magistral'nyy,56.1725,107.4458,-14.24,96,79,2.11,RU,1707275567
206,sitia,35.2,26.0986,11.66,82,2,5.03,GR,1707275568
207,annandale,38.8304,-77.1964,1.89,64,0,0.0,US,1707275472
208,darzab,35.9774,65.3783,3.71,43,32,5.11,AF,1707275568
209,starke,29.9441,-82.1098,11.64,43,40,3.09,US,1707275568
210,georgetown,5.4112,100.3354,31.96,62,20,1.03,MY,1707275364
211,coxim,-18.5067,-54.76,22.93,94,100,1.77,BR,1707275568
212,sur,22.5667,59.5289,21.68,61,100,3.57,OM,1707275568
213,susuman,62.7833,148.1667,-29.45,100,99,0.45,RU,1707275568
214,yelizovo,53.1873,158.3805,-4.94,55,0,1.0,RU,1707275569
215,lesogorsk,56.0458,99.5136,-13.93,94,89,0.89,RU,1707275569
216,saint-philippe,-21.3585,55.7679,24.77,82,91,2.29,RE,1707275569
217,qaqortoq,60.7167,-46.0333,-13.85,65,2,4.93,GL,1707275569
218,buka,40.8108,69.1986,7.48,39,100,0.53,UZ,1707275569
219,woodfin,35.6334,-82.5821,6.46,64,3,0.89,US,1707275570
220,ohara,35.25,140.3833,8.66,50,100,4.6,JP,1707275570
221,constantia,44.1833,28.65,9.28,66,99,5.24,RO,1707275570
222,longyearbyen,78.2186,15.6401,-10.09,73,75,5.66,SJ,1707275570
223,hillsboro,45.5229,-122.9898,8.34,88,100,1.54,US,1707275548
224,bandarbeyla,9.4942,50.8122,24.29,78,7,6.0,SO,1707275570
225,new norfolk,-42.7826,147.0587,21.51,29,39,2.56,AU,1707275571
226,port augusta,-32.5,137.7667,26.79,25,0,5.73,AU,1707275571
227,codrington,-38.2667,141.9667,20.01,53,52,5.47,AU,1707275571
228,port mathurin,-19.6833,63.4167,28.05,74,40,6.17,MU,1707275571
229,port douglas,-16.4833,145.4667,29.91,71,83,2.75,AU,1707275571
230,crane,31.3974,-102.3501,13.82,48,100,10.17,US,1707275571
231,kyshtovka,56.555,76.6271,-6.48,93,100,3.58,RU,1707275571
232,bor,56.3567,44.0669,-18.04,100,60,2.23,RU,1707275572
233,longavi,-35.9667,-71.6833,19.59,77,8,4.12,CL,1707275572
234,hola,51.5377,23.1902,9.1,72,100,10.2,PL,1707275572
235,jaunpiebalga,57.1833,26.05,-4.94,93,100,6.37,LV,1707275572
236,fernie,49.5,-115.0687,2.11,92,97,0.71,CA,1707275572
237,puerto deseado,-47.7503,-65.8938,18.52,55,100,11.21,AR,1707275572
238,vershino-darasunskiy,52.35,115.5167,-11.85,67,11,1.49,RU,1707275572
239,aghajari,30.7006,49.8315,13.56,47,59,1.98,IR,1707275573
240,mirnyy,62.5353,113.9611,-26.54,75,99,1.79,RU,1707275573
241,vila velha,-20.3297,-40.2925,23.86,91,0,1.54,BR,1707275573
242,eirunepe,-6.6603,-69.8736,22.83,99,39,1.37,BR,1707275573
243,show low,34.2542,-110.0298,3.16,93,100,6.69,US,1707275573
244,chibougamau,49.9168,-74.3659,-6.74,94,100,2.11,CA,1707275573
245,praia da vitoria,38.7333,-27.0667,17.09,95,95,6.05,PT,1707275573
246,luderitz,-26.6481,15.1594,18.64,79,70,5.44,NA,1707275574
247,urucui,-7.2294,-44.5561,25.97,68,100,0.9,BR,1707275574
248,san fernando de apure,7.8878,-67.4724,26.18,80,29,1.81,VE,1707275574
249,gadzhiyevo,69.2551,33.3362,-20.99,100,99,3.67,RU,1707275574
250,klyuchi,52.2667,79.1667,-7.77,80,93,6.47,RU,1707275574
251,inhambane,-23.865,35.3833,21.57,85,0,2.14,MZ,1707275574
252,nicoya,10.1483,-85.452,25.23,74,82,1.42,CR,1707275575
253,sulak,43.2734,47.5146,2.85,100,100,3.54,RU,1707275575
254,san antonio,29.4241,-98.4936,15.55,53,0,2.57,US,1707275388
255,ribadesella,43.4614,-5.0596,8.86,72,94,2.07,ES,1707275575
256,ostersund,63.1792,14.6357,-11.75,92,20,1.54,SE,1707275510
257,andovoranto,-18.95,49.1,24.4,93,100,2.6,MG,1707275575
258,loreto,22.2667,-101.9667,15.32,17,0,3.39,MX,1707275576
259,college,64.8569,-147.8028,-15.86,79,75,0.0,US,1707275576
260,pontianak,-0.0333,109.3333,26.99,88,40,0.0,ID,1707275576
261,ust-nera,64.5667,143.2,-28.59,93,65,0.68,RU,1707275576
262,osh,40.5151,72.8083,-0.64,74,100,3.0,KG,1707275576
263,aldan,58.6031,125.3894,-12.38,92,100,4.12,RU,1707275576
264,hirara,24.8,125.2833,20.26,73,99,3.88,JP,1707275576
265,as salt,32.0392,35.7272,6.79,90,2,1.12,JO,1707275577
266,yarmouth,41.7057,-70.2286,2.26,86,40,7.6,US,1707275577
267,zhangye,38.9342,100.4517,-5.14,66,100,0.95,CN,1707275577
268,horodnya,51.8909,31.5974,3.49,99,100,7.37,UA,1707275577
269,boa vista,2.8197,-60.6733,26.99,78,40,1.54,BR,1707275577
270,kutum,14.2,24.6667,11.08,28,100,3.53,SD,1707275577
271,saudarkrokur,65.7461,-19.6394,-4.11,77,67,3.48,IS,1707275577
272,al jawf,29.5,38.75,8.2,76,3,2.65,SA,1707275578
273,achacachi,-16.05,-68.6833,6.93,84,99,4.26,BO,1707275578
274,fortuna,40.5982,-124.1573,9.81,91,100,0.0,US,1707275578
275,sisimiut,66.9395,-53.6735,-4.82,77,100,10.78,GL,1707275578
276,pallasovka,50.05,46.8833,-6.94,88,21,8.33,RU,1707275578
277,oktyabr'skiy,54.4815,53.471,-1.73,88,100,7.15,RU,1707275578
278,zouerate,22.7187,-12.4521,16.58,12,91,4.6,MR,1707275578
279,rio grande,-32.035,-52.0986,21.17,83,30,4.84,BR,1707275449
280,ambodifotatra,-16.9833,49.85,26.5,80,100,1.95,MG,1707275579
281,ambanja,-13.6833,48.45,23.75,93,100,1.64,MG,1707275579
282,lakatoro,-16.0999,167.4164,29.44,73,100,4.64,VU,1707275579
283,ola,59.5833,151.2833,-16.03,79,97,3.15,RU,1707275579
284,anloga,5.7947,0.8973,25.84,78,6,1.04,GH,1707275579
285,stanley,54.868,-1.6985,0.99,85,0,2.57,GB,1707275310
286,tayshet,55.9342,98.0044,-13.29,92,89,1.19,RU,1707275580
287,anaco,9.4389,-64.4728,28.5,56,88,1.24,VE,1707275580
288,mirny,62.5353,113.9611,-26.54,75,99,1.79,RU,1707275580
289,escanaba,45.7453,-87.0646,1.09,100,100,2.06,US,1707275580
290,vernon,50.2581,-119.2691,2.09,98,100,0.23,CA,1707275459
291,tamaqua,40.7973,-75.9694,0.08,73,0,0.0,US,1707275580
292,taltal,-25.4,-70.4833,21.28,85,26,1.33,CL,1707275580
293,macapa,0.0389,-51.0664,27.99,89,40,1.54,BR,1707275580
294,vila franca do campo,37.7167,-25.4333,18.23,89,100,8.99,PT,1707275581
295,chulym,55.0997,80.9572,-8.53,86,100,4.38,RU,1707275581
296,kasongo,-4.45,26.6667,19.89,98,100,1.44,CD,1707275581
297,fale old settlement,-9.3852,-171.2468,28.73,81,100,10.73,TK,1707275581
298,arauca,7.0847,-70.7591,24.24,90,84,1.05,CO,1707275581
299,deyang,31.1302,104.382,6.42,79,100,2.03,CN,1707275581
300,san patricio,28.017,-97.5169,15.92,69,66,2.61,US,1707275582
301,floresta,-8.6011,-38.5686,26.0,70,24,7.17,BR,1707275431
302,cusseta,32.3054,-84.7727,8.81,72,0,2.06,US,1707275582
303,bardai,11.65,7.2333,16.93,27,69,6.28,NG,1707275582
304,coron,11.9986,120.2043,29.52,65,75,2.65,PH,1707275582
305,la arena,-5.3466,-80.7109,28.26,57,53,6.95,PE,1707275583
306,redencao,-4.2258,-38.7306,24.09,97,100,1.0,BR,1707275583
307,hasaki,35.7333,140.8333,10.16,46,83,5.34,JP,1707275583
308,challapata,-18.9,-66.7667,10.61,67,85,2.59,BO,1707275583
309,maceio,-9.6658,-35.7353,25.69,100,40,0.51,BR,1707275583
310,guozhen,34.3659,107.359,2.23,68,99,1.08,CN,1707275583
311,kapuskasing,49.4169,-82.4331,0.61,97,100,2.08,CA,1707275583
312,laredo,27.5064,-99.5075,18.16,39,0,4.12,US,1707275404
313,leua,48.2156,18.6071,5.83,86,6,3.86,SK,1707275584
314,nema,57.5067,50.5011,-9.27,95,100,4.87,RU,1707275584
315,niamey,13.5137,2.1098,20.71,16,90,5.79,NE,1707275584
316,la sarre,48.8002,-79.1996,-0.31,96,100,3.3,CA,1707275507
317,tarija,-21.5355,-64.7296,16.16,88,98,0.81,BO,1707275584
318,chake chake,-5.2459,39.7666,26.14,87,96,2.59,TZ,1707275584
319,turuntayevo,52.2,107.6167,-23.95,85,51,1.23,RU,1707275585
320,yerofey pavlovich,53.9667,121.9667,-8.97,74,97,1.72,RU,1707275585
321,montecanal,41.6297,-0.9387,12.76,76,0,2.06,ES,1707275585
322,chongwe,-15.3292,28.682,19.32,97,57,1.82,ZM,1707275585
323,mashava,-20.0367,30.4823,21.76,68,45,1.52,ZW,1707275586
324,labuan bajo,-8.4964,119.8877,29.74,67,58,2.94,ID,1707275364
325,bloemfontein,-29.1211,26.214,12.71,82,0,0.0,ZA,1707275586
326,moyale,3.5167,39.0584,20.79,47,41,2.9,KE,1707275586
327,beypazari,40.1675,31.9211,5.94,62,18,1.42,TR,1707275586
328,mattoon,39.4831,-88.3728,1.92,93,0,0.0,US,1707275586
329,santa ana,33.7456,-117.8678,11.4,94,100,0.0,US,1707275532
330,road town,18.4167,-64.6167,26.05,84,50,10.33,VG,1707275587
331,ta`u,-14.2336,-169.5144,28.21,84,100,13.16,AS,1707275587
332,aykhal,66.0,111.5,-29.27,100,100,2.12,RU,1707275587
333,el jadid,33.2549,-8.506,13.07,76,0,3.89,MA,1707275587
334,okhotsk,59.3833,143.3,-19.05,76,100,4.26,RU,1707275587
335,masuguru,-11.3667,38.4167,23.19,99,100,1.53,TZ,1707275587
336,swainsboro,32.5974,-82.3337,7.03,61,0,1.54,US,1707275478
337,kavaratti,10.5669,72.642,27.99,72,32,3.89,IN,1707275588
338,dingwall,57.5953,-4.4272,2.02,87,98,2.11,GB,1707275588
339,kamar mushani,32.8439,71.3669,11.77,44,61,1.37,PK,1707275588
340,bonthe,7.5264,-12.505,25.32,93,0,1.26,SL,1707275588
341,wakkanai,45.4094,141.6739,-4.39,64,71,1.79,JP,1707275588
342,archangelos,36.2149,28.1149,12.99,84,4,1.35,GR,1707275588
343,vasylkiv,50.1869,30.3135,7.89,80,100,8.04,UA,1707275556
344,balapur,20.6667,76.7667,23.49,44,0,1.68,IN,1707275589
345,spas-klepiki,55.1347,40.1767,-15.04,100,100,0.35,RU,1707275589
346,vuktyl,63.8567,57.3094,-19.94,95,100,1.34,RU,1707275589
347,tofol,5.3248,163.0078,30.88,66,75,7.72,FM,1707275589
348,ulladulla,-35.35,150.4667,20.25,65,82,5.09,AU,1707275589
349,magdagachi,53.45,125.8,-9.44,74,100,2.33,RU,1707275589
350,lerwick,60.1545,-1.1494,0.0,58,99,7.13,GB,1707275589
351,shimoda,34.6667,138.95,4.5,72,96,3.5,JP,1707275589
352,puerto leguizamo,-0.1934,-74.7819,22.88,99,92,1.11,CO,1707275590
353,saquarema,-22.92,-42.5103,24.21,90,100,1.47,BR,1707275590
354,kurtamysh,54.9103,64.4319,-2.47,91,100,6.71,RU,1707275590
355,leon,21.1167,-101.6667,20.03,17,0,2.21,MX,1707275590
356,guiuan,11.0333,125.7247,26.95,77,95,7.01,PH,1707275590
357,ponta delgada,37.7333,-25.6667,18.4,88,75,8.75,PT,1707275590
358,tsiombe,-25.3,45.4833,22.35,92,5,1.53,MG,1707275591
359,pula,44.8683,13.8481,10.31,93,75,0.0,HR,1707275591
360,masumbwe,-3.6333,32.1833,17.27,95,24,1.08,TZ,1707275363
361,shwebo,22.5667,95.7,24.28,45,0,2.42,MM,1707275295
362,santiago,-33.4569,-70.6483,24.08,49,0,3.6,CL,1707275591
363,tha yang,12.9577,99.9055,32.77,36,0,0.1,TH,1707275591
364,cururupu,-1.8283,-44.8683,24.89,95,27,1.76,BR,1707275592
365,ban karon,7.8477,98.2985,29.95,70,100,3.0,TH,1707275592
366,pitimbu,-7.4706,-34.8086,28.33,78,30,3.39,BR,1707275592
367,tan-tan,28.438,-11.1032,15.72,33,3,2.42,MA,1707275592
368,qarqaraly,49.4058,75.4742,-8.53,76,97,4.34,KZ,1707275592
369,manacapuru,-3.2997,-60.6206,26.3,85,57,0.75,BR,1707275592
370,thomson,33.4707,-82.5046,5.53,87,0,0.0,US,1707275592
371,karratha,-20.7377,116.8463,34.03,37,100,4.93,AU,1707275396
372,quellon,-43.1167,-73.6167,11.13,71,34,2.75,CL,1707275593
373,mount isa,-20.7333,139.5,33.87,46,99,6.17,AU,1707275593
374,biryusinsk,55.9634,97.8235,-13.37,93,94,1.07,RU,1707275593
375,zhangzhou,24.5133,117.6556,12.93,84,88,1.49,CN,1707275593
376,port saint john's,-31.6229,29.5448,22.63,83,78,1.75,ZA,1707275593
377,mahina,-17.5065,-149.489,28.87,79,75,6.69,PF,1707275594
378,al mijlad,11.0333,27.7333,16.8,19,43,5.99,SD,1707275594
379,sindi,20.8,78.8667,22.49,58,0,4.09,IN,1707275594
380,constitucion,-35.3333,-72.4167,16.61,97,50,3.7,CL,1707275594
381,siwa oasis,29.2041,25.5195,12.63,63,0,2.54,EG,1707275594
382,igarka,67.4667,86.5833,-15.75,97,97,3.03,RU,1707275594
383,pasuquin,18.3328,120.6177,28.04,67,0,2.86,PH,1707275594
384,alpine,32.835,-116.7664,9.68,91,75,3.09,US,1707275594
385,puerto baquerizo moreno,-0.9,-89.6,25.5,86,31,5.04,EC,1707275595
386,nsanje,-16.92,35.262,23.31,94,83,1.33,MW,1707275595
387,akdepe,42.0551,59.3788,2.51,57,86,6.86,TM,1707275595
388,puerto armuelles,8.2833,-82.8667,25.99,84,25,1.34,PA,1707275442
389,el abiodh sidi cheikh,32.893,0.5484,8.03,41,0,2.32,DZ,1707275595
390,natal,-5.795,-35.2094,27.36,83,20,2.06,BR,1707275595
391,melfi,40.9965,15.6514,5.83,73,82,3.15,IT,1707275596
392,yamada,39.4667,141.95,4.15,48,53,1.66,JP,1707275596
393,prince rupert,54.3161,-130.3201,1.83,93,100,2.06,CA,1707275596
394,guichon,-32.35,-57.2,28.33,58,2,4.27,UY,1707275596
395,niafunke,15.9322,-3.9906,19.25,14,0,5.12,ML,1707275596
396,plastun,44.7561,136.2939,-5.22,43,0,3.08,RU,1707275596
397,saint-georges,12.0564,-61.7485,27.31,84,25,8.08,GD,1707275445
398,bulawayo,-20.15,28.5833,19.56,60,7,2.4,ZW,1707275597
399,george town,5.4112,100.3354,31.96,62,20,1.03,MY,1707275337
400,ormond-by-the-sea,29.3491,-81.0665,14.01,68,0,7.2,US,1707275597
401,chernogorsk,53.8236,91.2842,-24.24,92,93,0.0,RU,1707275597
402,smithers,54.7804,-127.1743,-3.82,86,100,2.06,CA,1707275597
403,nantucket,41.2835,-70.0995,1.12,86,75,5.66,US,1707275597
404,severo-yeniseyskiy,60.3725,93.0408,-9.12,97,95,1.79,RU,1707275598
405,colonia,50.9333,6.95,11.65,81,75,7.72,DE,1707275388
406,coquimbo,-29.9533,-71.3436,19.37,81,66,1.1,CL,1707275598
407,mpika,-11.8343,31.4529,16.28,98,100,1.7,ZM,1707275598
408,nishinoomote,30.7333,131.0,13.67,66,100,7.36,JP,1707275598
409,nuuk,64.1835,-51.7216,-6.66,45,75,16.98,GL,1707275460
410,marang,5.2056,103.2059,27.72,74,100,0.7,MY,1707275598
411,el granada,37.5027,-122.4694,12.42,81,100,6.69,US,1707275599
412,hovd,48.0056,91.6419,-19.53,93,51,0.39,MN,1707275599
413,arno,60.1167,18.6333,-4.56,74,100,5.57,SE,1707275599
414,broken hill,-31.95,141.4333,25.77,22,63,8.37,AU,1707275365
415,bataipora,-22.2953,-53.2711,23.28,79,100,2.01,BR,1707275482
416,hafar al-batin,28.4328,45.9708,8.32,57,0,2.57,SA,1707275599
417,muana,-1.5283,-49.2167,25.07,92,11,1.88,BR,1707275599
418,bishkul,54.7803,69.1033,-6.81,86,0,10.0,KZ,1707275600
419,christchurch,-43.5333,172.6333,25.74,62,68,7.2,NZ,1707275407
420,hopelchen,19.7667,-89.85,16.12,74,1,1.16,MX,1707275600
421,badger,64.8,-147.5333,-15.91,83,75,0.0,US,1707275600
422,tidjikja,18.5564,-11.4271,20.38,11,0,7.59,MR,1707275600
423,ust'-donetskiy,47.6419,40.8718,1.89,98,100,1.71,RU,1707275600
424,cabo san lucas,22.8909,-109.9124,22.61,68,100,3.6,MX,1707275523
425,bom jardim,-7.7958,-35.5872,22.67,92,53,1.23,BR,1707275601
426,sao tome,0.3365,6.7273,27.12,82,60,2.17,ST,1707275601
427,kailua-kona,19.6406,-155.9956,26.98,59,40,4.12,US,1707275386
428,ishim,56.1128,69.4902,-3.31,88,89,5.36,RU,1707275601
429,gunjur,13.2019,-16.7339,24.04,57,0,0.0,GM,1707275601
430,morehead city,34.7229,-76.726,7.0,75,100,6.17,US,1707275601
431,ancud,-41.8697,-73.8203,13.02,71,98,6.24,CL,1707275602
432,nova friburgo,-22.2819,-42.5311,17.43,96,100,0.54,BR,1707275602
433,kerikeri,-35.2268,173.9474,23.87,61,18,3.88,NZ,1707275402
434,whitby,54.4877,-0.615,4.1,79,100,3.13,GB,1707275602
435,nadi,-17.8,177.4167,28.0,83,75,4.12,FJ,1707275510
436,sitka,57.0531,-135.33,1.94,87,0,1.54,US,1707275602
437,nemuro,43.3236,145.575,-5.31,65,65,2.61,JP,1707275602
438,tafuna,-14.3358,-170.72,29.97,89,75,4.12,AS,1707275602
439,beatrice,40.2681,-96.747,8.05,66,0,4.12,US,1707275603
440,penzance,50.1186,-5.5371,14.31,97,100,11.08,GB,1707275603
441,macau,22.2006,113.5461,15.85,94,75,5.14,MO,1707275603
442,zhangatas,43.5667,69.75,3.75,92,100,15.57,KZ,1707275603
443,armacao de buzios,-22.7469,-41.8817,24.2,93,100,2.12,BR,1707275603
444,pskov,57.8136,28.3496,-7.05,86,40,4.02,RU,1707275603
445,baise city,23.8997,106.6133,11.49,80,100,1.17,CN,1707275603
446,buala,-8.145,159.5921,29.21,79,61,6.42,SB,1707275604
447,hoemul-li,41.4339,129.67,-0.76,51,0,1.48,KP,1707275604
448,kismayo,-0.3582,42.5454,26.85,87,84,6.24,SO,1707275604
449,south hedland,-20.4089,118.5983,37.96,13,83,9.77,AU,1707275604
450,st. john's,47.5649,-52.7093,-0.12,90,100,12.52,CA,1707275443
451,magadan,59.5667,150.8,-16.37,75,99,2.7,RU,1707275604
452,basco,20.4487,121.9702,24.98,77,6,5.52,PH,1707275605
453,weatherford,32.7593,-97.7972,14.51,57,100,0.45,US,1707275485
454,el calafate,-50.3408,-72.2768,11.61,83,88,5.89,AR,1707275605
455,nasarawa,8.5294,7.7242,24.24,22,68,2.13,NG,1707275605
456,ivins,37.1686,-113.6794,9.51,87,99,0.45,US,1707275605
457,nova vicosa,-17.8919,-39.3719,25.67,86,100,2.34,BR,1707275605
458,citrus springs,28.9975,-82.4707,12.6,61,0,0.0,US,1707275605
459,pemangkat,1.1667,108.9667,27.27,83,100,1.51,ID,1707275606
460,kruisfontein,-34.0033,24.7314,21.6,83,3,5.73,ZA,1707275606
461,sars,56.5502,57.1366,-3.08,90,100,6.14,RU,1707275606
462,hilo,19.7297,-155.09,22.01,79,100,4.12,US,1707275587
463,lionel town,17.8101,-77.2406,20.4,79,9,3.02,JM,1707275606
464,alpena,45.0617,-83.4327,1.18,92,0,2.06,US,1707275606
465,pervomayskiy,53.2485,40.2871,-13.08,98,79,2.26,RU,1707275606
466,tual,-5.6667,132.75,27.69,81,49,7.94,ID,1707275607
467,chui,-33.6971,-53.4616,20.23,79,1,4.2,UY,1707275607
468,narasannapeta,18.4167,84.05,26.14,64,0,1.82,IN,1707275607
469,kamin-kashyrskyi,51.6241,24.9586,7.33,78,100,10.49,UA,1707275607
470,quesnel,52.9999,-122.5029,-3.72,86,0,0.0,CA,1707275607
471,al ghayzah,16.2079,52.176,21.08,62,8,1.65,YE,1707275607
472,bosobolo,4.1833,19.9,23.06,39,29,1.24,CD,1707275608
473,east london,-33.0153,27.9116,21.52,94,0,4.12,ZA,1707275608
474,ivdel',60.6911,60.4206,-14.34,96,100,3.58,RU,1707275608
475,floro,61.5996,5.0328,-2.02,74,75,5.14,NO,1707275608
476,chapaev,50.2,51.1667,-5.74,84,96,13.04,KZ,1707275608
477,tangalle,6.024,80.7911,25.09,70,28,5.05,LK,1707275608
478,novosergiyevka,52.0934,53.6528,-7.52,94,100,10.17,RU,1707275609
479,baiti,13.745,-14.7482,25.98,17,0,0.91,SN,1707275609
480,megion,61.0296,76.1136,-0.99,93,100,5.06,RU,1707275406
481,dryden,49.7833,-92.7503,0.16,100,100,1.54,CA,1707275609
482,ebon,4.582,168.6964,28.25,79,68,7.42,MH,1707275609
483,auki,-8.7676,160.7034,28.52,80,97,4.9,SB,1707275614
484,mascota,20.5167,-104.7833,15.12,87,0,0.44,MX,1707275614
485,vadso,70.0744,29.7487,-11.91,92,100,8.23,NO,1707275614
486,ulsteinvik,62.3432,5.8487,-2.91,79,100,1.34,NO,1707275615
487,nawanshahr,31.1167,76.1333,8.19,63,0,3.3,IN,1707275615
488,saldanha,-33.0117,17.9442,18.03,94,0,3.64,ZA,1707275615
489,santa rosalia,27.3167,-112.2833,15.52,79,100,4.3,MX,1707275615
490,kuningan,-6.9758,108.4831,24.62,78,99,0.98,ID,1707275615
491,brookings,44.3114,-96.7984,5.1,96,0,3.6,US,1707275328
492,pithoro,25.5167,69.3833,18.71,43,100,4.06,PK,1707275615
493,saint-joseph,-21.3667,55.6167,24.21,78,82,1.61,RE,1707275615
494,sao jose da coroa grande,-8.8978,-35.1478,26.31,82,99,2.55,BR,1707275616
495,freetown,8.484,-13.2299,26.84,78,20,3.6,SL,1707275616
496,hadithah,34.1397,42.3781,11.61,59,1,3.68,IQ,1707275616
497,san luis de la loma,17.2706,-100.8939,24.36,82,16,0.34,MX,1707275616
498,nova sintra,14.8667,-24.7167,20.92,72,0,5.98,CV,1707275616
499,sandnessjoen,66.0217,12.6316,-15.71,96,100,6.98,NO,1707275617
500,walvis bay,-22.9575,14.5053,18.51,88,77,3.8,NA,1707275512
501,kapa'a,22.0752,-159.319,26.99,68,20,9.26,US,1707275617
502,tremonton,41.7119,-112.1655,5.81,83,100,0.0,US,1707275617
503,sirte,31.2089,16.5887,15.0,45,42,3.86,LY,1707275617
504,balkanabat,39.5108,54.3671,5.32,65,92,2.82,TM,1707275617
505,pyapon,16.2833,95.6833,28.21,35,0,2.32,MM,1707275618
506,fort-shevchenko,44.5086,50.263,2.13,86,100,12.48,KZ,1707275618
507,udachny,66.4167,112.4,-28.64,75,98,1.89,RU,1707275618
508,mil'kovo,55.6078,37.7956,-7.78,100,97,0.85,RU,1707275618
509,la jolla,32.8473,-117.2742,12.87,85,75,5.66,US,1707275618
510,weno,7.4515,151.8468,27.6,72,93,8.95,FM,1707275618
511,assare,-6.8744,-39.875,26.58,45,100,1.45,BR,1707275618
512,banda aceh,5.5577,95.3222,28.58,67,5,3.76,ID,1707275619
513,san antonio de pale,-1.4014,5.6325,27.86,75,65,2.84,GQ,1707275619
514,eureka,40.8021,-124.1637,9.96,86,60,3.58,US,1707275420
515,ati,13.2154,18.3353,16.85,24,99,4.8,TD,1707275619
516,nadym,65.5333,72.5167,-15.69,98,96,3.89,RU,1707275619
517,punta arenas,-53.15,-70.9167,11.06,71,75,4.12,CL,1707275619
518,motygino,58.1831,94.7592,-12.34,99,100,0.89,RU,1707275619
519,macouria,4.9167,-52.3667,25.97,100,40,3.09,GF,1707275620
520,sinabang,2.4803,96.3801,28.93,70,100,1.71,ID,1707275620
521,iglas,27.7167,77.9333,11.77,48,79,3.1,IN,1707275620
522,belyy yar,53.6039,91.3903,-24.06,92,97,0.0,RU,1707275620
523,zlatitsa,42.7167,24.1333,6.73,57,86,1.0,BG,1707275620
524,kegen,43.0197,79.2203,-14.03,73,38,3.81,KZ,1707275620
525,dzhalagash,45.0833,64.6667,-0.49,86,74,9.4,KZ,1707275621
526,presov,49.1667,21.25,1.87,90,88,1.38,SK,1707275438
527,mareeba,-17.0,145.4333,34.13,55,34,1.76,AU,1707275621
528,lata,40.1629,-8.3327,10.04,95,82,1.79,PT,1707275621
529,madimba,-10.4,40.3333,26.74,87,76,4.0,TZ,1707275621
530,lazaro cardenas,17.9583,-102.2,24.69,78,12,1.24,MX,1707275621
531,dudhani,17.3667,76.3667,26.48,38,0,2.31,IN,1707275621
532,saint-leu,-21.15,55.2833,25.46,71,61,1.06,RE,1707275622
533,cambria,35.5641,-121.0808,11.41,87,66,0.89,US,1707275622
534,ouargla,31.9493,5.325,8.04,53,0,0.0,DZ,1707275622
535,kill devil hills,36.0307,-75.676,5.55,75,100,10.8,US,1707275477
536,shache,38.4167,77.2406,-2.94,74,82,1.32,CN,1707275622
537,cradock,-32.1642,25.6192,20.42,73,3,0.9,ZA,1707275433
538,phu khiao,16.3765,102.1285,32.49,21,0,0.74,TH,1707275623
539,konarka,19.9,86.1167,25.22,81,0,1.7,IN,1707275623
540,berdigestyakh,62.0989,126.6992,-23.27,95,100,1.97,RU,1707275623
541,tingo maria,-9.2895,-76.0088,21.28,97,29,1.03,PE,1707275623
542,antsiranana,-12.2787,49.2917,23.91,92,100,0.45,MG,1707275623
543,kirkland lake,48.1446,-80.0377,0.16,74,100,1.54,CA,1707275623
544,hansot,21.5833,72.8,22.37,53,20,3.72,IN,1707275623
545,taoudenni,22.6783,-3.9836,17.14,16,0,4.52,ML,1707275624
546,morlaix,48.5833,-4.0,12.26,90,100,11.32,FR,1707275624
547,sakakah,29.9697,40.2064,6.76,66,5,1.18,SA,1707275624
548,iquitos,-3.7481,-73.2472,24.02,100,40,1.03,PE,1707275624
549,la'ie,21.6477,-157.9253,25.98,72,12,10.08,US,1707275624
550,luga,58.7372,29.8453,-13.13,97,98,2.64,RU,1707275624
551,talcahuano,-36.7167,-73.1167,16.45,96,71,3.22,CL,1707275625
552,kongsvinger,60.1905,11.9977,-8.07,96,100,1.77,NO,1707275625
553,shaffa,10.5067,12.3332,17.64,38,96,3.94,NG,1707275625
554,cacu,-18.5567,-51.1308,21.81,82,100,1.73,BR,1707275625
555,kyzyl-mazhalyk,51.1333,90.6,-27.27,90,49,1.34,RU,1707275625
556,lagos,6.5833,3.75,25.18,67,61,1.44,NG,1707275625
557,roosevelt,33.9668,-103.4505,10.12,48,100,8.02,US,1707275625
558,nuku'alofa,-21.1333,-175.2,29.19,70,40,4.63,TO,1707275625
559,kadugli,11.0167,29.7167,18.98,18,47,5.88,SD,1707275626
560,lycksele,64.5954,18.6735,-27.84,100,98,0.89,SE,1707275626
561,oltinko'l,40.8011,72.1634,2.43,43,97,2.06,UZ,1707275626
562,jinxiang,27.4327,120.6062,7.03,92,100,4.68,CN,1707275626
563,rodniki,57.1051,41.7305,-27.36,100,94,1.62,RU,1707275626
564,gedo,9.0167,37.45,11.98,59,64,1.04,ET,1707275626
565,gufeng,26.9083,118.9819,6.25,98,100,0.36,CN,1707275627
566,happy valley-goose bay,53.3168,-60.3315,-17.83,78,20,2.06,CA,1707275627
